year,TGF,TBR,TNR,nacimientos_15_49,mujeres_15_49,K
2010,2.14,1.044,1.016,58531,870152,0.487804878048781
2019,1.559,0.761,0.743,48667,1025671,0.487804878048781
